/*---DANGER! DROP AND CREATE TABLES EVERY TIME YOU TEST INSERTS SO WE MAINTAIN CONSISTENT AUTOGENERATED PRIMARY KEYS---------*/
/*PERSON*/
INSERT INTO person (last_name, first_name, mi, address1, address2, zip, email, gender) 
    VALUES('Adamus','Michael',null,'123 Washington Rd','', '10196','mike_adam@gmail.com','M');
INSERT INTO person (last_name, first_name, mi, address1, address2, zip, email, gender) 
    VALUES('Edelstein','Morgan',null,'132 Worthington Rd', '','21044','medelstein@gmail.com','M');
INSERT INTO person (last_name, first_name, mi, address1, address2, zip, email, gender) 
    VALUES('Evasdotter','Eowyn',null,'384 Broad Ave','','32207','ee@gmail.com','F');
INSERT INTO person (last_name, first_name, mi, address1, address2, zip, email, gender) 
    VALUES('Benavides', 'Ricardo', 'M', '564 Canal', '','78553', 'ricardo.benavides@hotmail.com', 'M');
INSERT INTO person (last_name, first_name, mi, address1, address2, zip, email, gender) 
    VALUES('Chung', 'Connie', ' ', '123 Carlisle','','78586', 'connie.chung@aol.com', 'F');
INSERT INTO person (last_name, first_name, mi, address1, address2, zip, email, gender) 
    VALUES('Dumas', 'Alexandra', 'J', '3259 Manhattan','','78566', 'alexandra.dumas@gmail.com', 'F');
INSERT INTO person (last_name, first_name, mi, address1, address2, zip, email, gender) 
    VALUES('Eccleston', 'Christoper', 'J', '5148 Napolean','', '70065', 'chris.eccleston@outlook.com', 'M');
INSERT INTO person (last_name, first_name, mi, address1, address2, zip, email, gender) 
    VALUES('Dameron','Poe','','2187 Galactic Way','Ste A','27356','acehotshot@galaxy.com','M');
INSERT INTO person (last_name, first_name, mi, address1, address2, zip, email, gender) 
    VALUES('Trooper','Finn','T','2187 Galactic Way','Ste B','27356','formertrooper@galaxy.com','M');
INSERT INTO person (last_name, first_name, mi, address1, address2, zip, email, gender) 
    VALUES('Kenobi','Rey','','94 Freedoms Dr','','24892','jediintraining@galaxy.com','F');
INSERT INTO person (last_name, first_name, mi, address1, address2, zip, email, gender) 
    VALUES('Tico','Rose','','102 Cobalt St','','94108','freedom1@galaxy.com','F');
INSERT INTO person (last_name, first_name, mi, address1, address2, zip, email, gender) 
    VALUES('Erso','Jyn','','451 Stardust Ln','','28037','rogueone@galaxy.com','F');



/*NWCET*/
INSERT INTO NWCET (nwcet_code, parent_nwcet_code, nwcet_title, description) 
    VALUES ('Programming Language','', 'Programming Language Skills', 'Skills in modern programming language');
INSERT INTO NWCET (nwcet_code, parent_nwcet_code, nwcet_title, description) 
    VALUES ('DDA','', 'Database Development and Administration', 'Skills in database development and administration');
INSERT INTO NWCET (nwcet_code, parent_nwcet_code, nwcet_title, description) 
    VALUES ('DM','', 'Digital Media', 'Skills in digital media and communications');
INSERT INTO NWCET (nwcet_code, parent_nwcet_code, nwcet_title, description) 
    VALUES ('ESAI','', 'Enterprise Systems Analysis and Integration', 'Skills in enterprise systems analysis and integration');
INSERT INTO NWCET (nwcet_code, parent_nwcet_code, nwcet_title, description) 
    VALUES ('NDA','', 'Network Design and Administration', 'Skills in network design and administration');
INSERT INTO NWCET (nwcet_code, parent_nwcet_code, nwcet_title, description) 
    VALUES ('PSE','', 'Programming/Software Engineering', 'Skills software engineering and development');
INSERT INTO NWCET (nwcet_code, parent_nwcet_code, nwcet_title, description) 
    VALUES ('TS','', 'Technical Support', 'Skills in enterprise technical support');
INSERT INTO NWCET (nwcet_code, parent_nwcet_code, nwcet_title, description) 
    VALUES ('TW','', 'Technical Writing', 'Skills in technical writing');
INSERT INTO NWCET (nwcet_code, parent_nwcet_code, nwcet_title, description) 
    VALUES ('WDA','', 'Web Development and Adminstration', 'Skills web applications development and adminstration');
INSERT INTO NWCET (nwcet_code, parent_nwcet_code, nwcet_title, description) 
    VALUES ('COMPMATH','', 'General Computer and Mathematical Occupations', 'Skills in Computer and Mathematical Occupations');



/*COMPANY*/
INSERT into company (comp_name, address1, address2, zip, primary_sector_code,phone, website) 
    VALUES('General Electric','34 Edison Parkway','', '99551','45102010','9565415176','www.ge.com');
INSERT into company (comp_name, address1, address2, zip, primary_sector_code,phone, website) 
    VALUES('Lucid','2839 St Charles Avenue', '','72001','45102010','9565415175','lucid.com');
INSERT into company (comp_name, address1, address2, zip, primary_sector_code,phone, website) 
    VALUES('Texaco','2741 Freedom Way', 'Ste 6B','36310','45102010','9565415174','texaco.com');
INSERT into company (comp_name, address1, address2, zip, primary_sector_code,phone, website) 
    VALUES('Chevron','3476 Frenchman St', 'Apt 4A','39730','151010','9565415173','chevron.com'); 
INSERT into company (comp_name, address1, address2, zip, primary_sector_code,phone, website) 
    VALUES('Harvey Gulf Marine','173 Washington Ave', '','64166','45102020','5048257964','hgm.com');
INSERT into company (comp_name, address1, address2, zip, primary_sector_code,phone, website) 
    VALUES('Edison Chouest','437 Texas Hwy', '','68362','45102010','5124632983','chouest.com');
INSERT into company (comp_name, address1, address2, zip, primary_sector_code,phone, website) 
    VALUES('USA Quarry','18550 McDermott Fwy','','33427','451010','8005317822','usaa.com');
INSERT into company (comp_name, address1, address2, zip, primary_sector_code,phone, website) 
    VALUES('Exxon','4532 Gas Fwy','','30703','4510','8884579513','exxon.com');
INSERT into company (comp_name, address1, address2, zip, primary_sector_code,phone, website) 
    VALUES('Univision','4365 Global Way','','27156','501020','8009542127','univision.com');  
INSERT into company (comp_name, address1, address2, zip, primary_sector_code,phone, website) 
    VALUES('Childrens Hospital New Orleans','200 Henry Clay Ave','','70118','35103010','5048999511',
            'chnola.org');


/*KNOW_SKILL*/
INSERT INTO know_skill (ks_code, nwcet_code, ks_title, description, training_level) 
    VALUES('Java', 'Programming Language', 'Java', 'Basics of Java programming language', 'Beginner');
INSERT INTO know_skill (ks_code, nwcet_code, ks_title, description, training_level) 
    VALUES('Java2', 'Programming Language', 'Java', 'Basics of Java programming language', 'Intermediate');
INSERT INTO know_skill (ks_code, nwcet_code, ks_title, description, training_level) 
    VALUES('Java3', 'Programming Language', 'Java', 'Basics of Java programming language', 'Advanced');
INSERT INTO know_skill (ks_code, nwcet_code, ks_title, description, training_level) 
    VALUES('C1', 'PSE', 'C', 'Basics of C programming language', 'Intermediate');
INSERT INTO know_skill (ks_code, nwcet_code, ks_title, description, training_level) 
    VALUES('.NET1', 'PSE', '.NET', 'Basics of .NE framework', 'Beginner');
INSERT INTO know_skill (ks_code, nwcet_code, ks_title, description, training_level) 
    VALUES('HTML1', 'WDA', 'HTML', 'Basics of html for web development', 'Beginner');
INSERT INTO know_skill (ks_code, nwcet_code, ks_title, description, training_level) 
    VALUES('HTML2', 'WDA', 'HTML', 'intermediate of html for web development', 'intermediate');
INSERT INTO know_skill (ks_code, nwcet_code, ks_title, description, training_level) 
    VALUES('3D Mod 2', 'DM', '3D Modeling', 'Skills in 3D modeling for digital media', 'Intermediate');
INSERT INTO know_skill (ks_code, nwcet_code, ks_title, description, training_level) 
    VALUES('Angular1', 'WDA', 'Angular', 'Angular for Web Applications', 'Beginner');
INSERT INTO know_skill (ks_code, nwcet_code, ks_title, description, training_level) 
    VALUES('Angular2', 'WDA', 'Angular', 'Angular for Web Applications', 'Intermediate');
INSERT INTO know_skill (ks_code, nwcet_code, ks_title, description, training_level) 
    VALUES('Angular3', 'WDA', 'Angular', 'Angular for Web Applications', 'Advanced');
INSERT INTO know_skill (ks_code, nwcet_code, ks_title, description, training_level) 
    VALUES('SQL1', 'DDA', 'SQL', 'Basics of SQL', 'Beginner');


INSERT INTO know_skill (ks_code, nwcet_code, ks_title, description, training_level) 
    VALUES('Python1', 'Programming Language', 'Python', 'Advanced Python Skills', 'Advanced');
INSERT INTO know_skill (ks_code, nwcet_code, ks_title, description, training_level) 
    VALUES('Python2', 'PSE', 'Python', 'Advanced Python Skills', 'Advanced');
INSERT INTO know_skill (ks_code, nwcet_code, ks_title, description, training_level) 
    VALUES('Python3', 'PSE', 'Python', 'Advanced Python Skills', 'Advanced');
    
    
INSERT INTO know_skill (ks_code, nwcet_code, ks_title, description, training_level) 
    VALUES('PHP', 'PSE', 'PJP', 'PHP programming language', 'Intermediate');
INSERT INTO know_skill (ks_code, nwcet_code, ks_title, description, training_level) 
    VALUES('AGILE', 'PSE', '.Agile methodologies', 'Skills in Agile methodologies', 'Intermediate');
INSERT INTO know_skill (ks_code, nwcet_code, ks_title, description, training_level) 
    VALUES('Admin', 'WDA', 'Web Management', 'Website and Web application management', 'Advanced');
INSERT INTO know_skill (ks_code, nwcet_code, ks_title, description, training_level) 
    VALUES('SYSTEMS', 'WDA', 'Systems Administrator', 'Knowledge of systems adminstration and engineering', 'intermediate');
    
    
    
    
/*COURSE*/
INSERT INTO course (title, training_level, description, status, retail_price, train_type) 
    VALUES('Java','Beginner','Learn the basics of programming in Java','A',1770.80 ,'University-Traditional');
INSERT INTO course (title, training_level, description, status, retail_price, train_type) 
    VALUES('Java2','Intermediate','Continue developing Java skills','A',1850.75,'University-Online');    
INSERT INTO course (title, training_level, description, status, retail_price, train_type) 
    VALUES('Java3','Advanced','Master Java with advanced concepts','E',2125.00,'University-Traditional');
INSERT INTO course (title, training_level, description, status, retail_price, train_type) 
    VALUES('C1','Beginner','Introduction to programming in C','A',650,'Non-profit Organization');
INSERT INTO course (title, training_level, description, status, retail_price, train_type) 
    VALUES('.NET1','Beginner','Introduction to programming in .NET','E',775,'Non-profit Organization');
INSERT INTO course (title, training_level, description, status, retail_price, train_type) 
    VALUES('HTML1','Beginner','Learn how to create websites in this course','A',1875.90,'University-Online');
INSERT INTO course (title, training_level, description, status, retail_price, train_type) 
    VALUES('HTML2','Intermediate','Expand your HTML skills','E',2125.00,'University-Traditional');
INSERT INTO course (title, training_level, description, status, retail_price, train_type) 
    VALUES('3D Mod 2','Intermediate','Learn more about programming in 3D Mod','A',995.95,'Training Company');
INSERT INTO course (title, training_level, description, status, retail_price, train_type) 
    VALUES('Angular1','Beginner','Learn the basics of programming in Angular','A',1200,'Training Company');
INSERT INTO course (title, training_level, description, status, retail_price, train_type) 
    VALUES('Angular2','Intermediate','Enhance your Angular skills in this course','A',1350,'University-Traditional');
INSERT INTO course (title, training_level, description, status, retail_price, train_type) 
    VALUES('Angular3','Advanced','Master-level course for programming in Angular','E',1895,'Online course');
INSERT INTO course (title, training_level, description, status, retail_price, train_type) 
    VALUES('SQL1','Beginner','Learn the basics of database programming in SQL','A',1870.80 ,'University-Traditional');
    
INSERT INTO course (title, training_level, description, status, retail_price, train_type) 
    VALUES('Data Analysis','Advanced','Data Analytics','A',1870.80 ,'University-Traditional');
INSERT INTO course (title, training_level, description, status, retail_price, train_type) 
    VALUES('Systems Programming','Intermediate','Intermediate Systems programming concepts','A',1870.80 ,'University-Traditional');
INSERT INTO course (title, training_level, description, status, retail_price, train_type) 
    VALUES('Networks','Advanced','Learn network management','A',1870.80 ,'University-Traditional');
INSERT INTO course (title, training_level, description, status, retail_price, train_type) 
    VALUES('IT Management','Advanced','Learn advanced management methodologies for Information Technology','A',1870.80 ,'University-Traditional');

INSERT INTO course (title, training_level, description, status, retail_price, train_type) 
    VALUES('Python','Advanced','Learn advanced python','A',1870.80 ,'University-Traditional');

/*TRAINING PROVIDER*/
INSERT INTO training_provider VALUES(1111, 'Training Company');
INSERT INTO training_provider VALUES(1114, 'Non-Profit');
INSERT INTO training_provider VALUES(1117, 'Training Company');


/*SECTION*/

INSERT INTO section VALUES(1,4,'11-MAY-18',1111,11,'In-class',1500.00);
INSERT INTO section VALUES(2,6,'25-JUN-18',1117,10,'Online',1650.50);
INSERT INTO section VALUES(3,4,'06-MAR-18',1114,9,'In-class',2000);
INSERT INTO section VALUES(4,3,'31-DEC-18',1114,8,'In-class',595.99);
INSERT INTO section VALUES(5,4,'15-NOV-18',1117,7,'Online',700);
INSERT INTO section VALUES(6,2,'05-SEP-18',1111,6,'Online',1500.75);
INSERT INTO section VALUES(7,5,'15-MAY-18',1117,5,'In-class',2000);
INSERT INTO section VALUES(8,6,'17-JUL-18',1111,4,'In-class',925.25);
INSERT INTO section VALUES(9,3,'31-JAN-18',1114,3,'Online',999.99);
INSERT INTO section VALUES(10,4,'19-AUG-18',1111,2,'In-class',1000);
INSERT INTO section VALUES(11,1,'21-MAY-18',1114,1,'Online',1650.75);


INSERT INTO section VALUES(16,1,'11-MAY-18',1111,11,'In-class',1500.00);
INSERT INTO section VALUES(16,2,'25-JUN-18',1117,10,'Online',1650.50);
INSERT INTO section VALUES(15,1,'06-MAR-18',1114,9,'In-class',2000);
INSERT INTO section VALUES(15,2,'31-DEC-18',1114,8,'In-class',595.99);
INSERT INTO section VALUES(15,3,'15-NOV-18',1117,7,'Online',700);
INSERT INTO section VALUES(15,4,'05-SEP-18',1111,6,'Online',1500.75);
INSERT INTO section VALUES(15,4,'15-MAY-18',1117,5,'In-class',2000);
INSERT INTO section VALUES(14,1,'17-JUL-18',1111,4,'In-class',925.25);
INSERT INTO section VALUES(14,2,'31-JAN-18',1114,3,'Online',999.99);
INSERT INTO section VALUES(14,3,'19-AUG-18',1111,2,'In-class',1000);
INSERT INTO section VALUES(14,4,'21-MAY-18',1114,1,'Online',1650.75);

INSERT INTO section VALUES(17,1,'17-JUL-18',1111,4,'In-class',925.25);
INSERT INTO section VALUES(17,2,'31-JAN-18',1114,3,'Online',999.99);
INSERT INTO section VALUES(17,3,'19-AUG-18',1111,2,'In-class',1000);
INSERT INTO section VALUES(17,4,'21-MAY-18',1114,1,'Online',1650.75);

INSERT INTO section VALUES(13,1,'17-JUL-18',1111,4,'In-class',925.25);
INSERT INTO section VALUES(13,2,'31-JAN-18',1114,3,'Online',999.99);
INSERT INTO section VALUES(13,3,'19-AUG-18',1111,2,'In-class',1000);
INSERT INTO section VALUES(13,4,'21-MAY-18',1114,1,'Online',1650.75);

/*CERT*/
INSERT INTO cert(cert_name,issued_by,tool) VALUES('Oracle Database',1111,'SQL for Oracle DB 12c');
INSERT INTO cert(cert_name,issued_by,tool) VALUES('jCert 1',1117,'Certified Java Programmer');
INSERT INTO cert(cert_name,issued_by,tool) VALUES('CLA',1114,'C Programming Language Certified Associate');
INSERT INTO cert(cert_name,issued_by,tool) VALUES('Oracle Java',1114,'Certified Profession Java SE Programmer');


/*HAS_CERT*/

INSERT INTO has_cert values (2, 1);
INSERT INTO has_cert values (1, 1);
INSERT INTO has_cert values (4, 1);
INSERT INTO has_cert values (4, 2);
INSERT INTO has_cert values (2, 2);
INSERT INTO has_cert values (2, 4);
INSERT INTO has_cert values (1, 2);
INSERT INTO has_cert values (1, 3);
INSERT INTO has_cert values (1, 4);




/*COURSE_CERT*/

INSERT INTO course_cert values (2, 1);
INSERT INTO course_cert values (1, 1);
INSERT INTO course_cert values (4, 1);
INSERT INTO course_cert values (4, 2);
INSERT INTO course_cert values (2, 12);
INSERT INTO course_cert values (2, 4);
INSERT INTO course_cert values (1, 12);
INSERT INTO course_cert values (1, 11);
INSERT INTO course_cert values (1, 10);



/*PROVIDES SKILL*/
INSERT INTO provides_skill VALUES('Java',1);
INSERT INTO provides_skill VALUES('Java2',2);
INSERT INTO provides_skill VALUES('Java3',3);
INSERT INTO provides_skill VALUES('C1',4);
INSERT INTO provides_skill VALUES('.NET1',5);
INSERT INTO provides_skill VALUES('HTML1',6);
INSERT INTO provides_skill VALUES('HTML2',7);
INSERT INTO provides_skill VALUES('3D Mod 2',8);
INSERT INTO provides_skill VALUES('Angular1',9);
INSERT INTO provides_skill VALUES('Angular2',10);
INSERT INTO provides_skill VALUES('Angular3',11);
INSERT INTO provides_skill VALUES('SQL1',12);


INSERT INTO provides_skill VALUES('Python1',17);
INSERT INTO provides_skill VALUES('Python2',17);
INSERT INTO provides_skill VALUES('Python3',17);
INSERT INTO provides_skill VALUES('Admin',15);
INSERT INTO provides_skill VALUES('Admin',16);
INSERT INTO provides_skill VALUES('C1',13);
INSERT INTO provides_skill VALUES('C1',14);
INSERT INTO provides_skill VALUES('3D Mod 2',14);
INSERT INTO provides_skill VALUES('AGILE',16);
INSERT INTO provides_skill VALUES('AGILE',17);
INSERT INTO provides_skill VALUES('AGILE',1);
INSERT INTO provides_skill VALUES('SYSTEMS',14);

INSERT INTO provides_skill VALUES('3D Mod 2',15);
INSERT INTO provides_skill VALUES('SQL1',13);
INSERT INTO provides_skill VALUES('AGILE',13);
INSERT INTO provides_skill VALUES('SYSTEMS',16);

/*JOB CATEGORY*/

INSERT into job_category VALUES ('15-1200',null,'Computer and Mathematical Occupations','Occupations specializing in computers and math',20000.00,300000.00);--SOC is parent 15-0000 Computer & Math Occupations, no parent
INSERT into job_category VALUES ('15-1250','15-1200','Software and Web Developers, Programmers, and Testers','Occupations specializing in Software and Web Development',20000.00,300000.00);
INSERT into job_category VALUES ('15-1254','15-1250','Web Developers','Web Development Occupations',23000.00,100000.00);
INSERT into job_category VALUES ('15-1240','15-1200','Database and Network Administratiors and Architects','Occupations specializing Databases',50000.00,250000.00);

INSERT into job_category VALUES ('14-1200',null,'IT Non-Programming','Occupations in IT not including coding',50000.00,250000.00);
INSERT into job_category VALUES ('14-1250','14-1200','Management','Occupations in IT Management',50000.00,250000.00);
INSERT into job_category VALUES ('14-1244','14-1200','Executive IT', 'Executive Positions in Information Technology',500000.00,2500000.00);
INSERT into job_category VALUES ('14-1240','14-1200','Human Resources','Occupations specializing in organization',50000.00,250000.00);



/*Core_skill*/
INSERT INTO core_skill VALUES ('Programming Language','15-1200');
INSERT INTO core_skill VALUES ('DDA','15-1240');
INSERT INTO core_skill VALUES ('DM','14-1200');
INSERT INTO core_skill VALUES ('ESAI','14-1200');
INSERT INTO core_skill VALUES ('NDA','15-1250');
INSERT INTO core_skill VALUES ('PSE','15-1250');
INSERT INTO core_skill VALUES ('WDA','15-1254');
INSERT INTO core_skill VALUES ('COMPMATH','15-1200');
INSERT INTO core_skill VALUES ('TS','14-1200');
INSERT INTO core_skill VALUES ('TW','14-1200');



/*POSITION */

INSERT INTO position (comp_id, pos_title, emp_mode, cat_code, pay_rate) VALUES ('1111','junior','ft', '15-1250',56000);
INSERT INTO position (comp_id, pos_title, emp_mode, cat_code, pay_rate) VALUES ('1112','junior','ft', '15-1250',56000);
INSERT INTO position (comp_id, pos_title, emp_mode, cat_code, pay_rate) VALUES ('1113','junior','ft', '15-1250',56000);
INSERT INTO position (comp_id, pos_title, emp_mode, cat_code, pay_rate) VALUES ('1114','junior','ft', '15-1250',56000);
INSERT INTO position (comp_id, pos_title, emp_mode, cat_code, pay_rate) 
    VALUES ('1111','Entry Lev Angular Dev','ft', '15-1254',26000); 
INSERT INTO position (comp_id, pos_title, emp_mode, cat_code, pay_rate) 
    VALUES ('1112','Intermediate Angular Dev','ft', '15-1254',56000);
INSERT INTO position (comp_id, pos_title, emp_mode, cat_code, pay_rate) 
    VALUES ('1113','Senior Angular Dev','ft', '15-1254',96000);
INSERT INTO position (comp_id, pos_title, emp_mode, cat_code, pay_rate) 
    VALUES ('1114','Entry Lev Angular Dev','ft', '15-1254',56000);
INSERT INTO position (comp_id, pos_title, emp_mode, cat_code, pay_rate, pay_type) 
    VALUES ('1111','Sr JavaDev','ft', '15-1250',56000, 'S');
INSERT INTO position (comp_id, pos_title, emp_mode, cat_code, pay_rate, pay_type) 
    VALUES ('1112','Sr JavaDev','ft', '15-1250',56000, 'S');
INSERT INTO position (comp_id, pos_title, emp_mode, cat_code, pay_rate, pay_type) 
    VALUES ('1113','Sr JavaDev','ft', '15-1250',56000, 'S');
INSERT INTO position (comp_id, pos_title, emp_mode, cat_code, pay_rate, pay_type) 
    VALUES ('1114','jr HTML dev','ft', '15-1254',16000, 'S');
INSERT INTO position (comp_id, pos_title, emp_mode, cat_code, pay_rate, pay_type) 
    VALUES ('1111','Sr JavaDev','ft', '15-1250',56.00, 'W');
INSERT INTO position (comp_id, pos_title, emp_mode, cat_code, pay_rate, pay_type) 
    VALUES ('1112','Sr JavaDev','ft', '15-1250',5.00, 'W');
INSERT INTO position (comp_id, pos_title, emp_mode, cat_code, pay_rate, pay_type) 
    VALUES ('1113','Sr JavaDev','ft', '15-1250',18.0, 'W');
INSERT INTO position (comp_id, pos_title, emp_mode, cat_code, pay_rate, pay_type) 
    VALUES ('1114','jr HTML dev','ft', '15-1254',16.0, 'W');
    
INSERT INTO position (comp_id, pos_title, emp_mode, cat_code, pay_rate) VALUES ('1120','IT Coordinator','ft', '15-1250',56000);
INSERT INTO position (comp_id, pos_title, emp_mode, cat_code, pay_rate) VALUES ('1120','Networks Manager','ft', '15-1250',100000);
INSERT INTO position (comp_id, pos_title, emp_mode, cat_code, pay_rate) VALUES ('1119','Director of Technology','ft', '15-1250',56000);
INSERT INTO position (comp_id, pos_title, emp_mode, cat_code, pay_rate) VALUES ('1118','Systems Engineer','ft', '15-1250',76000);
INSERT INTO position (comp_id, pos_title, emp_mode, cat_code, pay_rate) VALUES ('1118','Networking Assistant','ft', '15-1250',56000);
INSERT INTO position (comp_id, pos_title, emp_mode, cat_code, pay_rate) VALUES ('1118','Network Administrator','ft', '15-1250',89000);
INSERT INTO position (comp_id, pos_title, emp_mode, cat_code, pay_rate) VALUES ('1119','Software Architect','ft', '15-1250',83000);
INSERT INTO position (comp_id, pos_title, emp_mode, cat_code, pay_rate) VALUES ('1119','Quality Assurance Engineer','ft', '15-1250',26000);

INSERT INTO position (comp_id, pos_title, emp_mode, cat_code, pay_rate) VALUES ('1113','IT Coordinator','ft', '15-1250',56000);
INSERT INTO position (comp_id, pos_title, emp_mode, cat_code, pay_rate) VALUES ('1113','Networks Manager','ft', '15-1250',100000);
INSERT INTO position (comp_id, pos_title, emp_mode, cat_code, pay_rate) VALUES ('1113','Director of Technology','ft', '15-1250',56000);
INSERT INTO position (comp_id, pos_title, emp_mode, cat_code, pay_rate) VALUES ('1113','Systems Engineer','ft', '15-1250',76000);
INSERT INTO position (comp_id, pos_title, emp_mode, cat_code, pay_rate) VALUES ('1113','Networking Assistant','ft', '15-1250',56000);
INSERT INTO position (comp_id, pos_title, emp_mode, cat_code, pay_rate) VALUES ('1113','Network Administrator','ft', '15-1250',89000);
INSERT INTO position (comp_id, pos_title, emp_mode, cat_code, pay_rate) VALUES ('1113','Software Architect','ft', '15-1250',83000);
INSERT INTO position (comp_id, pos_title, emp_mode, cat_code, pay_rate) VALUES ('1113','Quality Assurance Engineer','ft', '15-1250',26000);


INSERT INTO position (comp_id, pos_title, emp_mode, cat_code, pay_rate) VALUES ('1115','IT Coordinator','ft', '15-1250',56000);
INSERT INTO position (comp_id, pos_title, emp_mode, cat_code, pay_rate) VALUES ('1115','Networks Manager','ft', '15-1250',100000);
INSERT INTO position (comp_id, pos_title, emp_mode, cat_code, pay_rate) VALUES ('1115','Director of Technology','ft', '15-1250',56000);
INSERT INTO position (comp_id, pos_title, emp_mode, cat_code, pay_rate) VALUES ('1115','Systems Engineer','ft', '15-1250',76000);
INSERT INTO position (comp_id, pos_title, emp_mode, cat_code, pay_rate) VALUES ('1115','Networking Assistant','ft', '15-1250',56000);
INSERT INTO position (comp_id, pos_title, emp_mode, cat_code, pay_rate) VALUES ('1115','Network Administrator','ft', '15-1250',89000);
INSERT INTO position (comp_id, pos_title, emp_mode, cat_code, pay_rate) VALUES ('1115','Software Architect','ft', '15-1250',83000);
INSERT INTO position (comp_id, pos_title, emp_mode, cat_code, pay_rate) VALUES ('1115','Quality Assurance Engineer','ft', '15-1250',26000);


INSERT INTO position (comp_id, pos_title, emp_mode, cat_code, pay_rate) VALUES ('1119','Software Teams Coordinator','ft', '15-1250',56000);
INSERT INTO position (comp_id, pos_title, emp_mode, cat_code, pay_rate) VALUES ('1119','Networks Analyst','ft', '15-1250',100000);
INSERT INTO position (comp_id, pos_title, emp_mode, cat_code, pay_rate) VALUES ('1119','Director of Data Analysis','ft', '15-1250',56000);
INSERT INTO position (comp_id, pos_title, emp_mode, cat_code, pay_rate) VALUES ('1119','Systems Coordinator','ft', '15-1250',76000);
INSERT INTO position (comp_id, pos_title, emp_mode, cat_code, pay_rate) VALUES ('1119','Networking and Systems Administrator','ft', '15-1250',56000);
INSERT INTO position (comp_id, pos_title, emp_mode, cat_code, pay_rate) VALUES ('1119','Database Administrator','ft', '15-1250',89000);
INSERT INTO position (comp_id, pos_title, emp_mode, cat_code, pay_rate) VALUES ('1119','Software Architect','ft', '15-1250',83000);
INSERT INTO position (comp_id, pos_title, emp_mode, cat_code, pay_rate) VALUES ('1119','Quality Assurance Engineer','ft', '15-1250',26000);

INSERT INTO position (comp_id, pos_title, emp_mode, cat_code, pay_rate) VALUES ('1118','Moble Development Coordinator','ft', '14-1200',56000);
INSERT INTO position (comp_id, pos_title, emp_mode, cat_code, pay_rate) VALUES ('1117','Busines Analyst','ft', '14-1200',100000);
INSERT INTO position (comp_id, pos_title, emp_mode, cat_code, pay_rate) VALUES ('1116','Data Science Manager','ft', '14-1200',56000);
INSERT INTO position (comp_id, pos_title, emp_mode, cat_code, pay_rate) VALUES ('1115','Head of Technology','ft', '14-1200',76000);
INSERT INTO position (comp_id, pos_title, emp_mode, cat_code, pay_rate) VALUES ('1114','Networking and Systems Engineer','ft', '15-1250',56000);
INSERT INTO position (comp_id, pos_title, emp_mode, cat_code, pay_rate) VALUES ('1113','Database Architect','ft', '15-1250',89000);
INSERT INTO position (comp_id, pos_title, emp_mode, cat_code, pay_rate) VALUES ('1112','Lead Software Architect','ft', '15-1250',83000);
INSERT INTO position (comp_id, pos_title, emp_mode, cat_code, pay_rate) VALUES ('1111','Entry Level QA','ft', '14-1200',26000);


/*position_cert*/


INSERT INTO position_cert VALUES (1, 9, 'R' );
INSERT INTO position_cert VALUES (1, 1, 'P' );
INSERT INTO position_cert VALUES (3, 10, 'R' );
INSERT INTO position_cert VALUES (3, 1, 'R' );
INSERT INTO position_cert VALUES (3, 9, 'R' );
INSERT INTO position_cert VALUES (1, 11, 'P' );
INSERT INTO position_cert VALUES (1, 12, 'P' );
INSERT INTO position_cert VALUES (1, 13, 'R' );
INSERT INTO position_cert VALUES (2, 14, 'P' );
INSERT INTO position_cert VALUES (2, 15, 'R' );
INSERT INTO position_cert VALUES (2, 16, 'P' );
INSERT INTO position_cert VALUES (4, 1, 'R' );
INSERT INTO position_cert VALUES (4, 5, 'P' );
INSERT INTO position_cert VALUES (4, 6, 'R' );
INSERT INTO position_cert VALUES (4, 7, 'P' );
INSERT INTO position_cert VALUES (4, 8, 'R' );
INSERT INTO position_cert VALUES (1, 10, 'P' );

    
/*WORKS*/
INSERT INTO works VALUES (1,1,'11/06/2010', '');
INSERT INTO works VALUES (2,2,'9/2/2016','3/2/2017');
INSERT INTO works VALUES (3,7,'3/06/2006','');
INSERT INTO works VALUES (4,6,'3/06/2006','3/2/2017');
INSERT INTO works VALUES (5,5,'3/2/2017','7/09/2017');
INSERT INTO works VALUES (6,4,'8/18/2012','');
INSERT INTO works VALUES (7,3,'3/2/2017','');
INSERT INTO works VALUES (8,2,'8/18/2012','');
INSERT INTO works VALUES (9,1,'11/06/2010', '');
INSERT INTO works VALUES (10,2,'9/2/2016','3/2/2017');
INSERT INTO works VALUES (11,7,'3/06/2006','');
INSERT INTO works VALUES (12,6,'3/06/2006','3/2/2017');
INSERT INTO works VALUES (13,5,'3/2/2017','7/09/2017');
INSERT INTO works VALUES (14,4,'8/18/2012','');
INSERT INTO works VALUES (15,3,'3/2/2017','');
INSERT INTO works VALUES (16,2,'8/18/2012','');


/*POSITION_SKIlLS*/ 
INSERT INTO position_skills VALUES ('Java2','10','R');
INSERT INTO position_skills VALUES ('Java2','15','R');
INSERT INTO position_skills VALUES ('Angular3','7','R');
INSERT INTO position_skills VALUES ('Angular1','8','P');     I
INSERT INTO position_skills VALUES ('HTML2','12','P');

/*CREATE TABLE position_skills (
    ks_code varchar (255) NOT NULL,
    pos_code number NOT NULL,
    prefer char(1) NOT NULL, -- R: Required, P: Preferred
    CONSTRAINT position_pk PRIMARY KEY (ks_code, pos_code),
    CONSTRAINT ps_ks_fk FOREIGN KEY (ks_code) REFERENCES know_skill(ks_code),
    CONSTRAINT ps_pos_fk FOREIGN KEY (pos_code) REFERENCES position(pos_code)*/

--
--INSERT INTO position_skills VALUES ('Java2','10','R');
--INSERT INTO position_skills VALUES ('Java2','15','R');
--INSERT INTO position_skills VALUES ('Angular3','7','R');
--INSERT INTO position_skills VALUES ('Angular1','8','P');     I
--INSERT INTO position_skills VALUES ('HTML2','12','P');


/*HAS_SKILL;*/
INSERT INTO has_skill VALUES ('1','Java');
INSERT INTO has_skill VALUES ('1','Java2');
INSERT INTO has_skill VALUES ('1','Java3');
INSERT INTO has_skill VALUES ('1','C1');
INSERT INTO has_skill VALUES ('1','.NET1');
INSERT INTO has_skill VALUES ('2','Java');
--INSERT INTO has_skill VALUES ('2','Java2');
--INSERT INTO has_skill VALUES ('2','Java3');
--INSERT INTO has_skill VALUES ('2','C1');
--INSERT INTO has_skill VALUES ('2','.NET1');
--INSERT INTO has_skill VALUES ('2','SQL1');
--INSERT INTO has_skill VALUES ('2','HTML1');
--INSERT INTO has_skill VALUES ('2','HTML2');
--INSERT INTO has_skill VALUES ('2','Angular1');
--INSERT INTO has_skill VALUES ('2','Angular2');
INSERT INTO has_skill VALUES ('3','Java');
--INSERT INTO has_skill VALUES ('3','Java2');
--INSERT INTO has_skill VALUES ('3','Java3');
--INSERT INTO has_skill VALUES ('3','SQL1');
--INSERT INTO has_skill VALUES ('3','HTML1');
--INSERT INTO has_skill VALUES ('3','HTML2');
--INSERT INTO has_skill VALUES ('3','Angular1');
--INSERT INTO has_skill VALUES ('3','Angular2');
--INSERT INTO has_skill VALUES ('4','Java');
INSERT INTO has_skill VALUES ('4','Java2');
INSERT INTO has_skill VALUES ('4','Java3');
INSERT INTO has_skill VALUES ('4','SQL1');
INSERT INTO has_skill VALUES ('5','HTML1');
--INSERT INTO has_skill VALUES ('5','HTML2');
--INSERT INTO has_skill VALUES ('5','Angular1');
--INSERT INTO has_skill VALUES ('5','Angular2');
--INSERT INTO has_skill VALUES ('6','Java');
INSERT INTO has_skill VALUES ('6','3D Mod 2');
--INSERT INTO has_skill VALUES ('6','C1');
--INSERT INTO has_skill VALUES ('6','SQL1');
--INSERT INTO has_skill VALUES ('6','HTML1');
--INSERT INTO has_skill VALUES ('6','HTML2');
INSERT INTO has_skill VALUES ('7','Angular1');
--INSERT INTO has_skill VALUES ('7','Angular2');
--INSERT INTO has_skill VALUES ('7','SQL1');
--INSERT INTO has_skill VALUES ('7','HTML1');
--INSERT INTO has_skill VALUES ('7','HTML2');


INSERT INTO has_skill VALUES ('8','Admin');
INSERT INTO has_skill VALUES ('8','AGILE');
--INSERT INTO has_skill VALUES ('8','PHP');


INSERT INTO has_skill VALUES ('9','SYSTEMS');
--INSERT INTO has_skill VALUES ('9','C1');
--INSERT INTO has_skill VALUES ('9','.NET1');


--INSERT INTO has_skill VALUES ('10','Angular2');
--INSERT INTO has_skill VALUES ('10','PHP');
--INSERT INTO has_skill VALUES ('10','SYSTEMS');
--INSERT INTO has_skill VALUES ('10','Admin');

--
--INSERT INTO has_skill VALUES ('11','Admin');
--INSERT INTO has_skill VALUES ('11','AGILE');
--
--
--INSERT INTO has_skill VALUES ('12','Angular1');

/*person_phone_numbers;*/
INSERT INTO person_phone_numbers VALUES (1, '5048493849', 'Mobile');
INSERT INTO person_phone_numbers VALUES (1, '5048734839', 'Home');
INSERT INTO person_phone_numbers VALUES (1, '5048394030', 'Work');
INSERT INTO person_phone_numbers VALUES (2, '5048493849', 'Mobile');
INSERT INTO person_phone_numbers VALUES (2, '5048734839', 'Home');
INSERT INTO person_phone_numbers VALUES (3, '5048394030', 'Work');
INSERT INTO person_phone_numbers VALUES (4, '5048493849', 'Mobile');
INSERT INTO person_phone_numbers VALUES (5, '5048734839', 'Home');
INSERT INTO person_phone_numbers VALUES (5, '5048394030', 'Work');
INSERT INTO person_phone_numbers VALUES (6, '5048493849', 'Mobile');
INSERT INTO person_phone_numbers VALUES (6, '5048734839', 'Home');
INSERT INTO person_phone_numbers VALUES (7, '9856378483', 'Work');
INSERT INTO person_phone_numbers VALUES (7, '9834738284', 'Home');
INSERT INTO person_phone_numbers VALUES (7, '5045003849', 'Work');

/*prerequisite;*/
INSERT INTO prerequisite VALUES (1, 5);
INSERT INTO prerequisite VALUES (9, 7);
INSERT INTO prerequisite VALUES (3, 1);
INSERT INTO prerequisite VALUES (1, 6);
INSERT INTO prerequisite VALUES (1, 7);
INSERT INTO prerequisite VALUES (2, 5);
INSERT INTO prerequisite VALUES (4, 1);
INSERT INTO prerequisite VALUES (2, 4);

/*COMPANY SPECIALTY*/
INSERT INTO company_specialty VALUES ('1111','10');
INSERT INTO company_specialty VALUES ('1112','45');
INSERT INTO company_specialty VALUES ('1113','10');
INSERT INTO company_specialty VALUES ('1114','10');
INSERT INTO company_specialty VALUES ('1115','15');
INSERT INTO company_specialty VALUES ('1116','15');  
INSERT INTO company_specialty VALUES ('1117','15');  
INSERT INTO company_specialty VALUES ('1118','10');  
INSERT INTO company_specialty VALUES ('1119','50');  
INSERT INTO company_specialty VALUES ('1120','35');  


/*takes*/


INSERT into TAKES values (1,4,'11-MAY-18', 1);
INSERT into TAKES values (1,4,'11-MAY-18', 2);
INSERT into TAKES values (1,4,'11-MAY-18', 3);
INSERT into TAKES values (1,4,'11-MAY-18', 4);
INSERT into TAKES values (1,4,'11-MAY-18', 5);
INSERT into TAKES values (2,6,'25-JUN-18', 6);
INSERT into TAKES values (2,6,'25-JUN-18', 7);
INSERT into TAKES values (2,6,'25-JUN-18', 8);
INSERT into TAKES values (2,6,'25-JUN-18', 9);

INSERT into TAKES values (3,4,'06-MAR-18', 10);
--INSERT into TAKES values (3,4,'06-MAR-18', 11);
--INSERT into TAKES values (3,4,'06-MAR-18', 12);
INSERT into TAKES values (3,4,'06-MAR-18', 1);

INSERT into TAKES values (17,1,'17-JUL-18', 1);
INSERT into TAKES values (16,1,'11-MAY-18', 2);
INSERT into TAKES values (15,1,'06-MAR-18', 3);
INSERT into TAKES values (14,4,'21-MAY-18', 4);
INSERT into TAKES values (14,1,'17-JUL-18', 5);

INSERT into TAKES values (17,4,'21-MAY-18', 9);
--INSERT into TAKES values (13,3,'19-AUG-18', 11);
--INSERT into TAKES values (13,2,'31-JAN-18', 12);
INSERT into TAKES values (13,1,'17-JUL-18', 8);

